num_clusters_f2,disagreement_f1
1,17.223699999999994
2,17.205699999999993
